#,Name,Variation,Type1,Type2,Total,HP,Attack,Defense,Sp. Atk,Sp. Def,Speed,EvolutionLevel,EvolutionName
1,Bulbasaur,false,Grass,Poison,318,45,49,49,65,65,45,13,Ivysaur
2,Ivysaur,true,Grass,Poison,405,60,62,63,80,80,60,32,Venusaur
3,Venusaur,true,Grass,Poison,525,80,82,83,100,100,80,null,null
4,Charmander,false,Fire,,309,39,52,43,60,50,65,13,Charmeleon
5,Charmeleon,true,Fire,,405,58,64,58,80,65,80,29,Charizard
6,Charizard,true,Fire,Flying,534,78,84,78,109,85,100,null,null
7,Squirtle,false,Water,,314,44,48,65,50,64,43,13,Wartortle
8,Wartortle,true,Water,,405,59,63,80,65,80,58,29,Blastoise
9,Blastoise,true,Water,,530,79,83,100,85,105,78,null,null
10,Caterpie,false,Bug,,195,45,30,35,20,20,45,8,Metapod
11,Metapod,true,Bug,,205,50,20,55,25,25,30,12,Butterfree
12,Butterfree,true,Bug,Flying,395,60,45,50,90,80,70,null,null
13,Weedle,false,Bug,Poison,195,40,35,30,20,20,50,8,Kakuna
14,Kakuna,true,Bug,Poison,205,45,25,50,25,25,35,12,Beedrill
15,Beedrill,true,Bug,Poison,395,65,90,40,45,80,75,null,null
16,Pidgey,false,Normal,Flying,251,40,45,40,35,35,56,14,Pidgeotto
17,Pidgeotto,true,Normal,Flying,349,63,60,55,50,50,71,29,Pidgeot
18,Pidgeot,true,Normal,Flying,479,83,80,75,70,70,101,null,null
19,Rattata,false,Normal,,253,30,56,35,25,35,72,20,Raticate
20,Raticate,true,Normal,,413,55,81,60,50,70,97,null,null
19,Rattata,false,Dark,Normal,253,30,56,35,25,35,72,20,Raticate
20,Raticate,true,Dark,Normal,413,75,71,70,40,80,77,null,null
21,Spearow,false,Normal,Flying,262,40,60,30,31,31,70,20,Fearow
22,Fearow,true,Normal,Flying,442,65,90,65,61,61,100,null,null
23,Ekans,false,Poison,,288,35,60,44,40,54,55,18,Arbok
24,Arbok,true,Poison,,448,60,95,69,65,79,80,null,null
27,Sandshrew,false,Ground,,300,50,75,85,20,30,40,18,Sandslash
28,Sandslash,true,Ground,,450,75,100,110,45,55,65,null,null
27,Sandshrew,false,Ice,Steel,300,50,75,90,10,35,40,18,Sandslash
28,Sandslash,true,Ice,Steel,450,75,100,120,25,65,65,null,null
29,Nidoran♀,false,Poison,,275,55,47,52,40,40,41,16,Nidorino
33,Nidorino,true,Poison,,365,61,72,57,55,55,65,30,Nidoking
34,Nidoking,true,Poison,Ground,505,81,102,77,85,75,85,null,null
30,Nidorina,true,Poison,,365,70,62,67,55,55,56,30,Nidoqueen
31,Nidoqueen,true,Poison,Ground,505,90,92,87,75,85,76,null,null
37,Vulpix,false,Fire,,299,38,41,40,50,65,65,24,Ninetales
38,Ninetales,true,Fire,,505,73,76,75,81,100,100,null,null
37,Vulpix,false,Ice,,299,38,41,40,50,65,65,24,Ninetales
38,Ninetales,true,Ice,Fairy,505,73,67,75,81,100,109,null,null
41,Zubat,false,Poison,Flying,245,40,45,35,30,40,55,18,Golbat
42,Golbat,true,Poison,Flying,455,75,80,70,65,75,90,32,Crobat
169,Crobat,true,Poison,Flying,535,85,90,80,70,80,130,null,null
45,Vileplume,true,Grass,Poison,490,75,80,85,110,90,50,null,null
46,Paras,false,Bug,Grass,285,35,70,55,45,55,25,24,Parasect
47,Parasect,true,Bug,Grass,405,60,95,80,60,80,30,null,null
48,Venonat,false,Bug,Poison,305,60,55,50,40,55,45,31,Venomoth
49,Venomoth,true,Bug,Poison,450,70,65,60,90,75,90,null,null
50,Diglett,false,Ground,,265,10,55,25,35,45,95,21,Dugtrio
51,Dugtrio,true,Ground,,425,35,100,50,50,70,120,null,null
50,Diglett,false,Ground,Steel,265,10,55,30,35,45,90,21,Dugtrio
51,Dugtrio,true,Ground,Steel,425,35,100,60,50,70,110,null,null
53,Persian,true,Normal,,440,65,70,60,65,65,115,null,null
53,Persian,true,Dark,,440,65,60,60,75,65,115,null,null
54,Psyduck,false,Water,,320,50,52,48,65,50,55,33,Golduck
55,Golduck,true,Water,,500,80,82,78,95,80,85,null,null
56,Mankey,false,Fighting,,305,40,80,35,35,45,70,28,Primeape
57,Primeape,true,Fighting,,455,65,105,60,60,70,95,30,Annihilape
979,Annihilape,true,Fighting,Ghost,535,110,115,80,50,90,90,null,null
58,Growlithe,false,Fire,,350,55,70,45,70,50,60,34,Arcanine
59,Arcanine,true,Fire,,555,90,110,80,100,80,95,null,null
58,Growlithe,false,Fire,Rock,350,60,75,45,65,50,55,34,Arcanine
59,Arcanine,true,Fire,Rock,555,95,115,80,95,80,90,null,null
62,Poliwrath,true,Water,Fighting,510,90,95,95,70,90,70,null,null
63,Abra,false,Psychic,,310,25,20,15,105,55,90,13,Kadabra
64,Kadabra,true,Psychic,,400,40,35,30,120,70,105,32,Alakazam
65,Alakazam,true,Psychic,,500,55,50,45,135,95,120,null,null
66,Machop,false,Fighting,,305,70,80,50,35,35,35,22,Machoke
67,Machoke,true,Fighting,,405,80,100,70,50,60,45,32,Machamp
68,Machamp,true,Fighting,,505,90,130,80,65,85,55,null,null
69,Bellsprout,false,Grass,Poison,300,50,75,35,70,30,40,21,Weepinbell
70,Weepinbell,true,Grass,Poison,390,65,90,50,85,45,55,30,Victreebel
71,Victreebel,true,Grass,Poison,490,80,105,65,100,70,70,null,null
72,Tentacool,false,Water,Poison,335,40,40,35,50,100,70,30,Tentacruel
73,Tentacruel,true,Water,Poison,515,80,70,65,80,120,100,null,null
74,Geodude,false,Rock,Ground,300,40,80,100,30,30,20,20,Graveler
75,Graveler,true,Rock,Ground,390,55,95,115,45,45,35,32,Golem
76,Golem,true,Rock,Ground,495,80,120,130,55,65,45,null,null
74,Geodude,false,Rock,Electric,300,40,80,100,30,30,20,20,Graveler
75,Graveler,true,Rock,Electric,390,55,95,115,45,45,35,32,Golem
76,Golem,true,Rock,Electric,495,80,120,130,55,65,45,null,null
77,Ponyta,false,Fire,,410,50,85,55,65,65,90,40,Rapidash
78,Rapidash,true,Fire,,500,65,100,70,80,80,105,null,null
77,Ponyta,false,Psychic,,410,50,85,55,65,65,90,40,Rapidash
78,Rapidash,true,Psychic,Fairy,500,65,100,70,80,80,105,null,null
80,Slowbro,true,Water,Psychic,490,95,75,110,100,80,30,null,null
80,Slowbro,true,Poison,Psychic,490,95,100,95,100,70,30,null,null
81,Magnemite,false,Electric,Steel,325,25,35,70,95,55,45,24,Magneton
82,Magneton,true,Electric,Steel,465,50,60,95,120,70,70,28,Magnezone
462,Magnezone,true,Electric,Steel,535,70,70,115,130,90,60,null,null
84,Doduo,false,Normal,Flying,310,35,85,45,35,35,75,31,Dodrio
85,Dodrio,true,Normal,Flying,470,60,110,70,60,60,110,null,null
86,Seel,false,Water,,325,65,45,55,45,70,45,34,Dewgong
87,Dewgong,true,Water,Ice,475,90,70,80,70,95,70,null,null
88,Grimer,false,Poison,,325,80,80,50,40,50,25,38,Muk
89,Muk,true,Poison,,500,105,105,75,65,100,50,null,null
88,Grimer,false,Poison,Dark,325,80,80,50,40,50,25,38,Muk
89,Muk,true,Poison,Dark,500,105,105,75,65,100,50,null,null
90,Shellder,false,Water,,305,30,65,100,45,25,40,30,Cloyster
91,Cloyster,true,Water,Ice,525,50,95,180,85,45,70,null,null
92,Gastly,false,Ghost,Poison,310,30,35,30,100,35,80,20,Haunter
93,Haunter,true,Ghost,Poison,405,45,50,45,115,55,95,32,Gengar
94,Gengar,true,Ghost,Poison,500,60,65,60,130,75,110,null,null
95,Onix,false,Rock,Ground,385,35,45,160,30,45,70,24,Steelix
208,Steelix,true,Steel,Ground,510,75,85,200,55,65,30,null,null
96,Drowzee,false,Psychic,,328,60,48,45,43,90,42,26,Hypno
97,Hypno,true,Psychic,,483,85,73,70,73,115,67,null,null
98,Krabby,false,Water,,325,30,105,90,25,25,50,28,Kingler
99,Kingler,true,Water,,475,55,130,115,50,50,75,null,null
100,Voltorb,false,Electric,,330,40,30,50,55,55,100,30,Electrode
101,Electrode,true,Electric,,490,60,50,70,80,80,150,null,null
100,Voltorb,false,Electric,Grass,330,40,30,50,55,55,100,30,Electrode
101,Electrode,true,Electric,Grass,490,60,50,70,80,80,150,null,null
102,Exeggcute,false,Grass,Psychic,325,60,40,80,60,45,40,30,Exeggutor
103,Exeggutor,true,Grass,Psychic,530,95,95,85,125,75,55,null,null
103,Exeggutor,true,Grass,Dragon,530,95,105,85,125,75,45,null,null
104,Cubone,false,Ground,,320,50,50,95,40,50,35,28,Marowak
105,Marowak,true,Ground,,425,60,80,110,50,80,45,null,null
105,Marowak,true,Fire,Ghost,425,60,80,110,50,80,45,null,null
106,Hitmonlee,true,Fighting,,455,50,120,53,35,110,87,null,null
107,Hitmonchan,true,Fighting,,455,50,105,79,35,110,76,null,null
108,Lickitung,false,Normal,,385,90,55,75,60,75,30,24,Lickilicky
463,Lickilicky,true,Normal,,515,110,85,95,80,95,50,null,null
109,Koffing,false,Poison,,340,40,65,95,60,45,35,28,Weezing
110,Weezing,true,Poison,,490,65,90,120,85,70,60,null,null
110,Weezing,true,Poison,Fairy,490,65,90,120,85,70,60,null,null
111,Rhyhorn,false,Ground,Rock,345,80,85,95,30,30,25,34,Rhydon
112,Rhydon,true,Ground,Rock,485,105,130,120,45,45,40,30,Rhyperior
464,Rhyperior,true,Ground,Rock,535,115,140,130,55,55,40,null,null
114,Tangela,false,Grass,,435,65,55,115,100,40,60,24,Tangrowth
465,Tangrowth,true,Grass,,535,100,100,125,110,50,50,null,null
115,Kangaskhan,false,Normal,,490,105,95,80,40,80,90,null,null
116,Horsea,false,Water,,295,30,40,70,70,25,60,32,Seadra
117,Seadra,true,Water,,440,55,65,95,95,45,85,45,Kingdra
230,Kingdra,true,Water,Dragon,540,75,95,95,95,95,85,null,null
118,Goldeen,false,Water,,320,45,67,60,35,50,63,33,Seaking
119,Seaking,true,Water,,450,80,92,65,65,80,68,null,null
120,Staryu,false,Water,,340,30,45,55,70,55,85,30,Starmie
121,Starmie,true,Water,Psychic,520,60,75,85,100,85,115,null,null
127,Pinsir,false,Bug,,500,65,125,100,55,70,85,null,null
128,Tauros,false,Normal,,490,75,100,95,40,70,110,null,null
128,Tauros,false,Fighting,,490,75,110,105,30,70,100,null,null
128,Tauros,false,Fighting,Fire,490,75,110,105,30,70,100,null,null
128,Tauros,false,Fighting,Water,490,75,110,105,30,70,100,null,null
129,Magikarp,false,Water,,200,20,10,55,15,20,80,20,Gyarados
130,Gyarados,true,Water,Flying,540,95,125,79,60,100,81,null,null
131,Lapras,false,Water,Ice,535,130,85,80,85,95,60,null,null
132,Ditto,false,Normal,,288,48,48,48,48,48,48,null,null
134,Vaporeon,true,Water,,525,130,65,60,110,95,65,null,null
135,Jolteon,true,Electric,,525,65,65,60,110,95,130,null,null
136,Flareon,true,Fire,,525,65,130,60,95,110,65,null,null
137,Porygon,false,Normal,,395,65,60,70,85,75,40,30,Porygon2
233,Porygon2,true,Normal,,515,85,80,90,105,95,60,30,Porygon-Z
474,Porygon-Z,true,Normal,,535,85,80,70,135,75,90,null,null
138,Omanyte,false,Rock,Water,355,35,40,100,90,55,35,32,Omastar
139,Omastar,true,Rock,Water,495,70,60,125,115,70,55,null,null
140,Kabuto,false,Rock,Water,355,30,80,90,55,45,55,32,Kabutops
141,Kabutops,true,Rock,Water,495,60,115,105,65,70,80,null,null
142,Aerodactyl,false,Rock,Flying,515,80,105,65,60,75,130,null,null
144,Articuno,false,Ice,Flying,580,90,85,100,95,125,85,null,null
144,Articuno,false,Psychic,Flying,580,90,85,85,125,100,95,null,null
145,Zapdos,false,Electric,Flying,580,90,90,85,125,90,100,null,null
145,Zapdos,false,Fighting,Flying,580,90,125,90,85,90,100,null,null
146,Moltres,false,Fire,Flying,580,90,100,90,125,85,90,null,null
146,Moltres,false,Dark,Flying,580,90,85,90,100,125,90,null,null
147,Dratini,false,Dragon,,300,41,64,45,50,50,50,24,Dragonair
148,Dragonair,true,Dragon,,420,61,84,65,70,70,70,44,Dragonite
149,Dragonite,true,Dragon,Flying,600,91,134,95,100,100,80,null,null
150,Mewtwo,false,Psychic,,680,106,110,90,154,90,130,null,null
151,Mew,false,Psychic,,600,100,100,100,100,100,100,null,null
152,Chikorita,false,Grass,,318,45,49,65,49,65,45,16,Bayleef
153,Bayleef,true,Grass,,405,60,62,80,63,80,60,32,Meganium
154,Meganium,true,Grass,,525,80,82,100,83,100,80,null,null
155,Cyndaquil,false,Fire,,309,39,52,43,60,50,65,14,Quilava
156,Quilava,true,Fire,,405,58,64,58,80,65,80,36,Typhlosion
157,Typhlosion,true,Fire,,534,78,84,78,109,85,100,null,null
157,Typhlosion,true,Fire,Ghost,534,73,84,78,119,85,95,null,null
158,Totodile,false,Water,,314,50,65,64,44,48,43,18,Croconaw
159,Croconaw,true,Water,,405,65,80,80,59,63,58,30,Feraligatr
160,Feraligatr,true,Water,,530,85,105,100,79,83,78,null,null
161,Sentret,false,Normal,,215,35,46,34,35,45,20,15,Furret
162,Furret,true,Normal,,415,85,76,64,45,55,90,null,null
163,Hoothoot,false,Normal,Flying,262,60,30,30,36,56,50,20,Noctowl
164,Noctowl,true,Normal,Flying,452,100,50,50,86,96,70,null,null
165,Ledyba,false,Bug,Flying,265,40,20,30,40,80,55,18,Ledian
166,Ledian,true,Bug,Flying,390,55,35,50,55,110,85,null,null
167,Spinarak,false,Bug,Poison,250,40,60,40,40,40,30,22,Ariados
168,Ariados,true,Bug,Poison,400,70,90,70,60,70,40,null,null
170,Chinchou,false,Water,Electric,330,75,38,38,56,56,67,27,Lanturn
171,Lanturn,true,Water,Electric,460,125,58,58,76,76,67,null,null
172,Pichu,false,Electric,,205,20,40,15,35,35,60,10,Pikachu
25,Pikachu,true,Electric,,320,35,55,40,50,50,90,24,Raichu
26,Raichu,true,Electric,,485,60,90,55,90,80,110,null,null
25,Pikachu,true,Electric,,430,45,80,50,75,60,120,24,Raichu
26,Raichu,true,Electric,Psychic,485,60,85,50,95,85,110,null,null
173,Cleffa,false,Fairy,,218,50,25,28,45,55,15,18,Clefairy
35,Clefairy,true,Fairy,,323,70,45,48,60,65,35,30,Clefable
36,Clefable,true,Fairy,,483,95,70,73,95,90,60,null,null
174,Igglybuff,false,Normal,Fairy,210,90,30,15,40,20,15,16,Jigglypuff
39,Jigglypuff,true,Normal,Fairy,270,115,45,20,45,25,20,28,Wigglytuff
40,Wigglytuff,true,Normal,Fairy,435,140,70,45,85,50,45,null,null
175,Togepi,false,Fairy,,245,35,20,65,40,65,20,18,Togetic
176,Togetic,true,Fairy,Flying,405,55,40,85,80,105,40,40,Togekiss
468,Togekiss,true,Fairy,Flying,545,85,50,95,120,115,80,null,null
177,Natu,false,Psychic,Flying,320,40,50,45,70,45,70,25,Xatu
178,Xatu,true,Psychic,Flying,470,65,75,70,95,70,95,null,null
179,Mareep,false,Electric,,280,55,40,40,65,45,35,15,Flaaffy
180,Flaaffy,true,Electric,,365,70,55,55,80,60,45,30,Ampharos
181,Ampharos,true,Electric,,510,90,75,85,115,90,55,null,null
182,Bellossom,true,Grass,,490,75,80,95,90,100,50,null,null
186,Politoed,true,Water,,500,90,75,75,90,100,70,null,null
187,Hoppip,false,Grass,Flying,250,35,35,40,35,55,50,18,Skiploom
188,Skiploom,true,Grass,Flying,340,55,45,50,45,65,80,27,Jumpluff
189,Jumpluff,true,Grass,Flying,460,75,55,70,55,95,110,null,null
190,Aipom,false,Normal,,360,55,70,55,40,55,85,24,Ambipom
424,Ambipom,true,Normal,,482,75,100,66,60,66,115,null,null
191,Sunkern,false,Grass,,180,30,30,30,30,30,30,30,Sunflora
192,Sunflora,true,Grass,,425,75,75,55,105,85,30,null,null
193,Yanma,false,Bug,Flying,390,65,65,45,75,45,95,24,Yanmega
469,Yanmega,true,Bug,Flying,515,86,76,86,116,56,95,null,null
195,Quagsire,true,Water,Ground,430,95,85,85,65,65,35,null,null
196,Espeon,true,Psychic,,525,65,65,60,130,95,110,null,null
197,Umbreon,true,Dark,,525,95,65,110,60,130,65,null,null
198,Murkrow,false,Dark,Flying,405,60,85,42,85,42,91,28,Honchkrow
430,Honchkrow,true,Dark,Flying,505,100,125,52,105,52,71,null,null
199,Slowking,true,Water,Psychic,490,95,75,80,100,110,30,null,null
199,Slowking,true,Poison,Psychic,490,95,65,80,110,110,30,null,null
200,Misdreavus,false,Ghost,,435,60,60,60,85,85,85,30,Mismagius
429,Mismagius,true,Ghost,,495,60,60,60,105,105,105,null,null
201,Unown,false,Psychic,,336,48,72,48,72,48,48,null,null
203,Girafarig,false,Normal,Psychic,455,70,80,65,90,65,85,24,Farigiraf
981,Farigiraf,true,Normal,Psychic,520,120,90,70,110,70,60,null,null
204,Pineco,false,Bug,,290,50,65,90,35,35,15,31,Forretress
205,Forretress,true,Bug,Steel,465,75,90,140,60,60,40,null,null
206,Dunsparce,false,Normal,,415,100,70,70,65,65,45,24,Dudunsparce
982,Dudunsparce,true,Normal,,520,125,100,80,85,75,55,null,null
982,Dudunsparce,true,Normal,,520,125,100,80,85,75,55,null,null
207,Gligar,false,Ground,Flying,430,65,75,105,35,65,85,30,Gliscor
472,Gliscor,true,Ground,Flying,510,75,95,125,45,75,95,null,null
209,Snubbull,false,Fairy,,300,60,80,50,40,40,30,23,Granbull
210,Granbull,true,Fairy,,450,90,120,75,60,60,45,null,null
904,Overqwil,true,Dark,Poison,510,85,115,95,65,65,85,null,null
212,Scizor,true,Bug,Steel,500,70,130,100,55,80,65,null,null
213,Shuckle,false,Bug,Rock,505,20,10,230,10,230,5,null,null
214,Heracross,false,Bug,Fighting,500,80,125,75,40,95,85,null,null
216,Teddiursa,false,Normal,,330,60,80,50,50,50,40,30,Ursaring
217,Ursaring,true,Normal,,500,90,130,75,75,75,55,30,Ursaluna
901,Ursaluna,true,Ground,Normal,550,130,140,105,45,80,50,null,null
218,Slugma,false,Fire,,250,40,40,40,70,40,20,38,Magcargo
219,Magcargo,true,Fire,Rock,430,60,50,120,90,80,30,null,null
220,Swinub,false,Ice,Ground,250,50,50,40,30,30,50,33,Piloswine
221,Piloswine,true,Ice,Ground,450,100,100,80,60,60,50,50,Mamoswine
473,Mamoswine,true,Ice,Ground,530,110,130,80,70,60,80,null,null
864,Cursola,true,Ghost,,510,60,95,50,145,130,30,null,null
223,Remoraid,false,Water,,300,35,65,35,65,35,65,25,Octillery
224,Octillery,true,Water,,480,75,105,75,105,75,45,null,null
225,Delibird,false,Ice,Flying,330,45,55,45,65,45,75,null,null
227,Skarmory,false,Steel,Flying,465,65,80,140,40,70,70,null,null
228,Houndour,false,Dark,Fire,330,45,60,30,80,50,65,24,Houndoom
229,Houndoom,true,Dark,Fire,500,75,90,50,110,80,95,null,null
231,Phanpy,false,Ground,,330,90,60,60,40,40,40,25,Donphan
232,Donphan,true,Ground,,500,90,120,120,60,60,50,null,null
234,Stantler,false,Normal,,465,73,95,62,85,65,85,30,Wyrdeer
899,Wyrdeer,true,Normal,Psychic,525,103,105,72,105,75,65,null,null
235,Smeargle,false,Normal,,250,55,20,35,20,45,75,null,null
237,Hitmontop,true,Fighting,,455,50,95,95,35,110,70,null,null
238,Smoochum,false,Ice,Psychic,305,45,30,15,85,65,65,30,Jynx
124,Jynx,true,Ice,Psychic,455,65,50,35,115,95,95,null,null
239,Elekid,false,Electric,,360,45,63,37,65,55,95,30,Electabuzz
125,Electabuzz,true,Electric,,490,65,83,57,95,85,105,30,Electivire
466,Electivire,true,Electric,,540,75,123,67,95,85,95,null,null
240,Magby,false,Fire,,365,45,75,37,70,55,83,30,Magmar
126,Magmar,true,Fire,,495,65,95,57,100,85,93,30,Magmortar
467,Magmortar,true,Fire,,540,75,95,67,125,95,83,null,null
241,Miltank,false,Normal,,490,95,80,105,40,70,100,null,null
243,Raikou,false,Electric,,580,90,85,75,115,100,115,null,null
244,Entei,false,Fire,,580,115,115,85,90,75,100,null,null
245,Suicune,false,Water,,580,100,75,115,90,115,85,null,null
246,Larvitar,false,Rock,Ground,300,50,64,50,45,50,41,30,Pupitar
247,Pupitar,true,Rock,Ground,410,70,84,70,65,70,51,55,Tyranitar
248,Tyranitar,true,Rock,Dark,600,100,134,110,95,100,61,null,null
249,Lugia,false,Psychic,Flying,680,106,90,130,90,154,110,null,null
250,Ho-oh,false,Fire,Flying,680,106,130,90,110,154,90,null,null
251,Celebi,false,Psychic,Grass,600,100,100,100,100,100,100,null,null
252,Treecko,false,Grass,,310,40,45,35,65,55,70,16,Grovyle
253,Grovyle,true,Grass,,405,50,65,45,85,65,95,36,Sceptile
254,Sceptile,true,Grass,,530,70,85,65,105,85,120,null,null
255,Torchic,false,Fire,,310,45,60,40,70,50,45,16,Combusken
256,Combusken,true,Fire,Fighting,405,60,85,60,85,60,55,36,Blaziken
257,Blaziken,true,Fire,Fighting,530,80,120,70,110,70,80,null,null
258,Mudkip,false,Water,,310,50,70,50,50,50,40,16,Marshtomp
259,Marshtomp,true,Water,Ground,405,70,85,70,60,70,50,36,Swampert
260,Swampert,true,Water,Ground,535,100,110,90,85,90,60,null,null
261,Poochyena,false,Dark,,220,35,55,35,30,30,35,18,Mightyena
262,Mightyena,true,Dark,,420,70,90,70,60,60,70,null,null
862,Obstagoon,true,Dark,Normal,520,93,90,101,60,81,95,null,null
266,Silcoon,true,Bug,,205,50,35,55,25,25,15,10,Beautifly
267,Beautifly,true,Bug,Flying,395,60,70,50,100,50,65,null,null
268,Cascoon,true,Bug,,205,50,35,55,25,25,15,10,Dustox
269,Dustox,true,Bug,Poison,385,60,50,70,50,90,65,null,null
270,Lotad,false,Water,Grass,220,40,30,30,40,50,30,14,Lombre
271,Lombre,true,Water,Grass,340,60,50,50,60,70,50,30,Ludicolo
272,Ludicolo,true,Water,Grass,480,80,70,70,90,100,70,null,null
273,Seedot,false,Grass,,220,40,40,50,30,30,30,14,Nuzleaf
274,Nuzleaf,true,Grass,Dark,340,70,70,40,60,40,60,30,Shiftry
275,Shiftry,true,Grass,Dark,480,90,100,60,90,60,80,null,null
276,Taillow,false,Normal,Flying,270,40,55,30,30,30,85,22,Swellow
277,Swellow,true,Normal,Flying,455,60,85,60,75,50,125,null,null
278,Wingull,false,Water,Flying,270,40,30,30,55,30,85,25,Pelipper
279,Pelipper,true,Water,Flying,440,60,50,100,95,70,65,null,null
282,Gardevoir,true,Psychic,Fairy,518,68,65,65,125,115,80,null,null
283,Surskit,false,Bug,Water,269,40,30,32,50,52,65,22,Masquerain
284,Masquerain,true,Bug,Flying,454,70,60,62,100,82,80,null,null
285,Shroomish,false,Grass,,295,60,40,60,40,60,35,23,Breloom
286,Breloom,true,Grass,Fighting,460,60,130,80,60,60,70,null,null
287,Slakoth,false,Normal,,280,60,60,60,35,35,30,18,Vigoroth
288,Vigoroth,true,Normal,,440,80,80,80,55,55,90,36,Slaking
289,Slaking,true,Normal,,670,150,160,100,95,65,100,null,null
291,Ninjask,true,Bug,Flying,456,61,90,45,50,50,160,null,null
292,Shedinja,true,Bug,Ghost,236,1,90,45,30,30,40,null,null
293,Whismur,false,Normal,,240,64,51,23,51,23,28,20,Loudred
294,Loudred,true,Normal,,360,84,71,43,71,43,48,40,Exploud
295,Exploud,true,Normal,,490,104,91,63,91,73,68,null,null
296,Makuhita,false,Fighting,,237,72,60,30,20,30,25,24,Hariyama
297,Hariyama,true,Fighting,,474,144,120,60,40,60,50,null,null
298,Azurill,false,Normal,Fairy,190,50,20,40,20,40,20,18,Marill
183,Marill,true,Water,Fairy,250,70,20,50,20,50,40,18,Azumarill
184,Azumarill,true,Water,Fairy,420,100,50,80,60,80,50,null,null
299,Nosepass,false,Rock,,375,30,45,135,45,90,30,28,Probopass
476,Probopass,true,Rock,Steel,525,60,55,145,75,150,40,null,null
300,Skitty,false,Normal,,260,50,45,45,35,35,50,20,Delcatty
301,Delcatty,true,Normal,,400,70,65,65,55,55,90,null,null
302,Sableye,false,Dark,Ghost,380,50,75,75,65,65,50,null,null
303,Mawile,false,Steel,Fairy,380,50,85,85,55,55,50,null,null
304,Aron,false,Steel,Rock,330,50,70,100,40,40,30,32,Lairon
305,Lairon,true,Steel,Rock,430,60,90,140,50,50,40,42,Aggron
306,Aggron,true,Steel,Rock,530,70,110,180,60,60,50,null,null
307,Meditite,false,Fighting,Psychic,280,30,40,55,40,55,60,37,Medicham
308,Medicham,true,Fighting,Psychic,410,60,60,75,60,75,80,null,null
309,Electrike,false,Electric,,295,40,45,40,65,40,65,26,Manectric
310,Manectric,true,Electric,,475,70,75,60,105,60,105,null,null
311,Plusle,false,Electric,,405,60,50,40,85,75,95,null,null
312,Minun,false,Electric,,405,60,40,50,75,85,95,null,null
313,Volbeat,false,Bug,,430,65,73,75,47,85,85,null,null
314,Illumise,false,Bug,,430,65,47,75,73,85,85,null,null
316,Gulpin,false,Poison,,302,70,43,53,43,53,40,26,Swalot
317,Swalot,true,Poison,,467,100,73,83,73,83,55,null,null
318,Carvanha,false,Water,Dark,305,45,90,20,65,20,65,30,Sharpedo
319,Sharpedo,true,Water,Dark,460,70,120,40,95,40,95,null,null
320,Wailmer,false,Water,,400,130,70,35,70,35,60,40,Wailord
321,Wailord,true,Water,,500,170,90,45,90,45,60,null,null
322,Numel,false,Fire,Ground,305,60,60,40,65,45,35,33,Camerupt
323,Camerupt,true,Fire,Ground,460,70,100,70,105,75,40,null,null
324,Torkoal,false,Fire,,470,70,85,140,85,70,20,null,null
325,Spoink,false,Psychic,,330,60,25,35,70,80,60,32,Grumpig
326,Grumpig,true,Psychic,,470,80,45,65,90,110,80,null,null
327,Spinda,false,Normal,,360,60,60,60,60,60,60,null,null
328,Trapinch,false,Ground,,290,45,100,45,45,45,10,35,Vibrava
329,Vibrava,true,Ground,Dragon,340,50,70,50,50,50,70,45,Flygon
330,Flygon,true,Ground,Dragon,520,80,100,80,80,80,100,null,null
331,Cacnea,false,Grass,,335,50,85,40,85,40,35,32,Cacturne
332,Cacturne,true,Grass,Dark,475,70,115,60,115,60,55,null,null
333,Swablu,false,Normal,Flying,310,45,40,60,40,75,50,35,Altaria
334,Altaria,true,Dragon,Flying,490,75,70,90,70,105,80,null,null
335,Zangoose,false,Normal,,458,73,115,60,60,60,90,null,null
336,Seviper,false,Poison,,458,73,100,60,100,60,65,null,null
337,Lunatone,false,Rock,Psychic,460,90,55,65,95,85,70,null,null
338,Solrock,false,Rock,Psychic,460,90,95,85,55,65,70,null,null
339,Barboach,false,Water,Ground,288,50,48,43,46,41,60,30,Whiscash
340,Whiscash,true,Water,Ground,468,110,78,73,76,71,60,null,null
341,Corphish,false,Water,,308,43,80,65,50,35,35,30,Crawdaunt
342,Crawdaunt,true,Water,Dark,468,63,120,85,90,55,55,null,null
343,Baltoy,false,Ground,Psychic,300,40,40,55,40,70,55,36,Claydol
344,Claydol,true,Ground,Psychic,500,60,70,105,70,120,75,null,null
345,Lileep,false,Rock,Grass,355,66,41,77,61,87,23,40,Cradily
346,Cradily,true,Rock,Grass,495,86,81,97,81,107,43,null,null
347,Anorith,false,Rock,Bug,355,45,95,50,40,50,75,40,Armaldo
348,Armaldo,true,Rock,Bug,495,75,125,100,70,80,45,null,null
349,Feebas,false,Water,,200,20,15,20,10,55,80,25,Milotic
350,Milotic,true,Water,,540,95,60,79,100,125,81,null,null
351,Castform,false,Normal,,420,70,70,70,70,70,70,null,null
351,Castform,false,Fire,,420,70,70,70,70,70,70,null,null
351,Castform,false,Water,,420,70,70,70,70,70,70,null,null
351,Castform,false,Ice,,420,70,70,70,70,70,70,null,null
352,Kecleon,false,Normal,,440,60,90,70,60,120,40,null,null
353,Shuppet,false,Ghost,,295,44,75,35,63,33,45,37,Banette
354,Banette,true,Ghost,,455,64,115,65,83,63,65,null,null
355,Duskull,false,Ghost,,295,20,40,90,30,90,25,37,Dusclops
356,Dusclops,true,Ghost,,455,40,70,130,60,130,25,50,Dusknoir
477,Dusknoir,true,Ghost,,525,45,100,135,65,135,45,null,null
357,Tropius,false,Grass,Flying,460,99,68,83,72,87,51,null,null
359,Absol,false,Dark,,465,65,130,60,75,60,75,null,null
360,Wynaut,false,Psychic,,260,95,23,48,23,48,23,15,Wobbuffet
202,Wobbuffet,true,Psychic,,405,190,33,58,33,58,33,null,null
362,Glalie,true,Ice,,480,80,80,80,80,80,80,null,null
363,Spheal,false,Ice,Water,290,70,40,50,55,50,25,32,Sealeo
364,Sealeo,true,Ice,Water,410,90,60,70,75,70,45,44,Walrein
365,Walrein,true,Ice,Water,530,110,80,90,95,90,65,null,null
367,Huntail,true,Water,,485,55,104,105,94,75,52,null,null
368,Gorebyss,true,Water,,485,55,84,105,114,75,52,null,null
369,Relicanth,false,Water,Rock,485,100,90,130,45,65,55,null,null
370,Luvdisc,false,Water,,330,43,30,55,40,65,97,null,null
371,Bagon,false,Dragon,,300,45,75,60,40,30,50,30,Shelgon
372,Shelgon,true,Dragon,,420,65,95,100,60,50,50,50,Salamence
373,Salamence,true,Dragon,Flying,600,95,135,80,110,80,100,null,null
374,Beldum,false,Steel,Psychic,300,40,55,80,35,60,30,20,Metang
375,Metang,true,Steel,Psychic,420,60,75,100,55,80,50,45,Metagross
376,Metagross,true,Steel,Psychic,600,80,135,130,95,90,70,null,null
377,Regirock,false,Rock,,580,80,100,200,50,100,50,null,null
378,Regice,false,Ice,,580,80,50,100,100,200,50,null,null
379,Registeel,false,Steel,,580,80,75,150,75,150,50,null,null
380,Latias,false,Dragon,Psychic,600,80,80,90,110,130,110,null,null
381,Latios,false,Dragon,Psychic,600,80,90,80,130,110,110,null,null
382,Kyogre,false,Water,,670,100,100,90,150,140,90,null,null
382,Kyogre,false,Water,,770,100,150,90,180,160,90,null,null
383,Groudon,false,Ground,,670,100,150,140,100,90,90,null,null
383,Groudon,false,Ground,Fire,770,100,180,160,150,90,90,null,null
384,Rayquaza,false,Dragon,Flying,680,105,150,90,150,90,95,null,null
385,Jirachi,false,Steel,Psychic,600,100,100,100,100,100,100,null,null
386,Deoxys,false,Psychic,,600,50,150,50,150,50,150,null,null
386,Deoxys,false,Psychic,,600,50,180,20,180,20,150,null,null
386,Deoxys,false,Psychic,,600,50,70,160,70,160,90,null,null
386,Deoxys,false,Psychic,,600,50,95,90,95,90,180,null,null
387,Turtwig,false,Grass,,318,55,68,64,45,55,31,18,Grotle
388,Grotle,true,Grass,,405,75,89,85,55,65,36,32,Torterra
389,Torterra,true,Grass,Ground,525,95,109,105,75,85,56,null,null
390,Chimchar,false,Fire,,309,44,58,44,58,44,61,14,Monferno
391,Monferno,true,Fire,Fighting,405,64,78,52,78,52,81,36,Infernape
392,Infernape,true,Fire,Fighting,534,76,104,71,104,71,108,null,null
393,Piplup,false,Water,,314,53,51,53,61,56,40,16,Prinplup
394,Prinplup,true,Water,,405,64,66,68,81,76,50,36,Empoleon
395,Empoleon,true,Water,Steel,530,84,86,88,111,101,60,null,null
396,Starly,false,Normal,Flying,245,40,55,30,30,30,60,14,Staravia
397,Staravia,true,Normal,Flying,340,55,75,50,40,40,80,34,Staraptor
398,Staraptor,true,Normal,Flying,485,85,120,70,50,60,100,null,null
399,Bidoof,false,Normal,,250,59,45,40,35,40,31,15,Bibarel
400,Bibarel,true,Normal,Water,410,79,85,60,55,60,71,null,null
401,Kricketot,false,Bug,,194,37,25,41,25,41,25,10,Kricketune
402,Kricketune,true,Bug,,384,77,85,51,55,51,65,null,null
403,Shinx,false,Electric,,263,45,65,34,40,34,45,16,Luxio
404,Luxio,true,Electric,,363,60,85,49,60,49,60,30,Luxray
405,Luxray,true,Electric,,523,80,120,79,95,79,70,null,null
406,Budew,false,Grass,Poison,280,40,30,35,50,70,55,16,Roselia
315,Roselia,true,Grass,Poison,400,50,60,45,100,80,65,30,Roserade
407,Roserade,true,Grass,Poison,515,60,70,65,125,105,90,null,null
408,Cranidos,false,Rock,,350,67,125,40,30,30,58,24,Rampardos
409,Rampardos,true,Rock,,495,97,165,60,65,50,58,null,null
410,Shieldon,false,Rock,Steel,350,30,42,118,42,88,30,30,Bastiodon
411,Bastiodon,true,Rock,Steel,495,60,52,168,47,138,30,null,null
413,Wormadam,true,Bug,Grass,424,60,59,85,79,105,36,null,null
413,Wormadam,true,Bug,Ground,424,60,79,105,59,85,36,null,null
413,Wormadam,true,Bug,Steel,424,60,69,95,69,95,36,null,null
414,Mothim,true,Bug,Flying,424,70,94,50,94,50,66,null,null
415,Combee,false,Bug,Flying,244,30,30,42,30,42,70,21,Vespiquen
416,Vespiquen,true,Bug,Flying,474,70,80,102,80,102,40,null,null
417,Pachirisu,false,Electric,,405,60,45,70,45,90,95,null,null
418,Buizel,false,Water,,330,55,65,35,60,30,85,26,Floatzel
419,Floatzel,true,Water,,495,85,105,55,85,50,115,null,null
420,Cherubi,false,Grass,,275,45,35,45,62,53,35,25,Cherrim
421,Cherrim,true,Grass,,450,70,60,70,87,78,85,null,null
422,Shellos,false,Water,,325,76,48,48,57,62,34,30,Gastrodon
423,Gastrodon,true,Water,Ground,475,111,83,68,92,82,39,null,null
425,Drifloon,false,Ghost,Flying,348,90,50,34,60,44,70,28,Drifblim
426,Drifblim,true,Ghost,Flying,498,150,80,44,90,54,80,null,null
427,Buneary,false,Normal,,350,55,66,44,44,56,85,18,Lopunny
428,Lopunny,true,Normal,,480,65,76,84,54,96,105,null,null
431,Glameow,false,Normal,,310,49,55,42,42,37,85,38,Purugly
432,Purugly,true,Normal,,452,71,82,64,64,59,112,null,null
433,Chingling,false,Psychic,,285,45,30,50,65,50,45,18,Chimecho
358,Chimecho,true,Psychic,,455,75,50,80,95,90,65,null,null
434,Stunky,false,Poison,Dark,329,63,63,47,41,41,74,34,Skuntank
435,Skuntank,true,Poison,Dark,479,103,93,67,71,61,84,null,null
436,Bronzor,false,Steel,Psychic,300,57,24,86,24,86,23,33,Bronzong
437,Bronzong,true,Steel,Psychic,500,67,89,116,79,116,33,null,null
438,Bonsly,false,Rock,,290,50,80,95,10,45,10,24,Sudowoodo
185,Sudowoodo,true,Rock,,410,70,100,115,30,65,30,null,null
866,Mr. Rime,true,Ice,Psychic,520,80,85,75,110,100,70,null,null
440,Happiny,false,Normal,,220,100,5,5,15,65,30,30,Chansey
113,Chansey,true,Normal,,450,250,5,5,35,105,50,18,Blissey
242,Blissey,true,Normal,,540,255,10,10,75,135,55,null,null
441,Chatot,false,Normal,Flying,411,76,65,45,92,42,91,null,null
442,Spiritomb,false,Ghost,Dark,485,50,92,108,92,108,35,null,null
443,Gible,false,Dragon,Ground,300,58,70,45,40,45,42,24,Gabite
444,Gabite,true,Dragon,Ground,410,68,90,65,50,55,82,48,Garchomp
445,Garchomp,true,Dragon,Ground,600,108,130,95,80,85,102,null,null
446,Munchlax,false,Normal,,390,135,85,40,40,85,5,24,Snorlax
143,Snorlax,true,Normal,,540,160,110,65,65,110,30,null,null
447,Riolu,false,Fighting,,285,40,70,40,35,40,60,18,Lucario
448,Lucario,true,Fighting,Steel,525,70,110,70,115,70,90,null,null
449,Hippopotas,false,Ground,,330,68,72,78,38,42,32,34,Hippowdon
450,Hippowdon,true,Ground,,525,108,112,118,68,72,47,null,null
451,Skorupi,false,Poison,Bug,330,40,50,90,30,55,65,40,Drapion
452,Drapion,true,Poison,Dark,500,70,90,110,60,75,95,null,null
453,Croagunk,false,Poison,Fighting,300,48,61,40,61,40,50,37,Toxicroak
454,Toxicroak,true,Poison,Fighting,490,83,106,65,86,65,85,null,null
455,Carnivine,false,Grass,,454,74,100,72,90,72,46,null,null
456,Finneon,false,Water,,330,49,49,56,49,61,66,31,Lumineon
457,Lumineon,true,Water,,460,69,69,76,69,86,91,null,null
458,Mantyke,false,Water,Flying,345,45,20,50,60,120,50,25,Mantine
226,Mantine,true,Water,Flying,485,85,40,70,80,140,70,null,null
459,Snover,false,Grass,Ice,334,60,62,50,62,60,40,40,Abomasnow
460,Abomasnow,true,Grass,Ice,494,90,92,75,92,85,60,null,null
461,Weavile,true,Dark,Ice,510,70,120,65,45,85,125,null,null
470,Leafeon,true,Grass,,525,65,110,130,60,65,95,null,null
471,Glaceon,true,Ice,,525,65,60,110,130,95,65,null,null
475,Gallade,true,Psychic,Fighting,518,68,125,65,65,115,80,null,null
478,Froslass,true,Ice,Ghost,480,70,80,70,80,70,110,null,null
479,Rotom,false,Electric,Ghost,440,50,50,77,95,77,91,null,null
479,Rotom,false,Electric,Fire,520,50,65,107,105,107,86,null,null
479,Rotom,false,Electric,Water,520,50,65,107,105,107,86,null,null
479,Rotom,false,Electric,Ice,520,50,65,107,105,107,86,null,null
479,Rotom,false,Electric,Flying,520,50,65,107,105,107,86,null,null
479,Rotom,false,Electric,Grass,520,50,65,107,105,107,86,null,null
480,Uxie,false,Psychic,,580,75,75,130,75,130,95,null,null
481,Mesprit,false,Psychic,,580,80,105,105,105,105,80,null,null
482,Azelf,false,Psychic,,580,75,125,70,125,70,115,null,null
483,Dialga,false,Steel,Dragon,680,100,120,120,150,100,90,null,null
483,Dialga,false,Steel,Dragon,680,100,100,120,150,120,90,null,null
484,Palkia,false,Water,Dragon,680,90,120,100,150,120,100,null,null
484,Palkia,false,Water,Dragon,680,90,100,100,150,120,120,null,null
485,Heatran,false,Fire,Steel,600,91,90,106,130,106,77,null,null
486,Regigigas,false,Normal,,670,110,160,110,80,110,100,null,null
487,Giratina,false,Ghost,Dragon,680,150,100,120,100,120,90,null,null
487,Giratina,false,Ghost,Dragon,680,150,120,100,120,100,90,null,null
488,Cresselia,false,Psychic,,580,120,70,110,75,120,85,null,null
489,Phione,false,Water,,480,80,80,80,80,80,80,null,null
490,Manaphy,false,Water,,600,100,100,100,100,100,100,null,null
491,Darkrai,false,Dark,,600,70,90,90,135,90,125,null,null
492,Shaymin,false,Grass,,600,100,100,100,100,100,100,null,null
492,Shaymin,false,Grass,Flying,600,100,103,75,120,75,127,null,null
493,Arceus,false,Normal,,720,120,120,120,120,120,120,null,null
494,Victini,false,Psychic,Fire,600,100,100,100,100,100,100,null,null
495,Snivy,false,Grass,,308,45,45,55,45,55,63,14,Servine
496,Servine,true,Grass,,413,60,60,75,60,75,83,29,Serperior
497,Serperior,true,Grass,,528,75,75,95,75,95,113,null,null
498,Tepig,false,Fire,,308,65,63,45,45,45,45,14,Pignite
499,Pignite,true,Fire,Fighting,418,90,93,55,70,55,55,29,Emboar
500,Emboar,true,Fire,Fighting,528,110,123,65,100,65,65,null,null
501,Oshawott,false,Water,,308,55,55,45,63,45,45,14,Dewott
502,Dewott,true,Water,,413,75,75,60,83,60,60,29,Samurott
503,Samurott,true,Water,,528,95,100,85,108,70,70,null,null
503,Samurott,true,Water,Dark,528,90,108,80,100,65,85,null,null
504,Patrat,false,Normal,,255,45,55,39,35,39,42,20,Watchog
505,Watchog,true,Normal,,420,60,85,69,60,69,77,null,null
506,Lillipup,false,Normal,,275,45,60,45,25,45,55,16,Herdier
507,Herdier,true,Normal,,370,65,80,65,35,65,60,32,Stoutland
508,Stoutland,true,Normal,,500,85,110,90,45,90,80,null,null
509,Purrloin,false,Dark,,281,41,50,37,50,37,66,20,Liepard
510,Liepard,true,Dark,,446,64,88,50,88,50,106,null,null
511,Pansage,false,Grass,,316,50,53,48,53,48,64,30,Simisage
512,Simisage,true,Grass,,498,75,98,63,98,63,101,null,null
513,Pansear,false,Fire,,316,50,53,48,53,48,64,30,Simisear
514,Simisear,true,Fire,,498,75,98,63,98,63,101,null,null
515,Panpour,false,Water,,316,50,53,48,53,48,64,30,Simipour
516,Simipour,true,Water,,498,75,98,63,98,63,101,null,null
517,Munna,false,Psychic,,292,76,25,45,67,55,24,31,Musharna
518,Musharna,true,Psychic,,487,116,55,85,107,95,29,null,null
519,Pidove,false,Normal,Flying,264,50,55,50,36,30,43,21,Tranquill
520,Tranquill,true,Normal,Flying,358,62,77,62,50,42,65,32,Unfezant
521,Unfezant,true,Normal,Flying,488,80,115,80,65,55,93,null,null
522,Blitzle,false,Electric,,295,45,60,32,50,32,76,27,Zebstrika
523,Zebstrika,true,Electric,,497,75,100,63,80,63,116,null,null
524,Roggenrola,false,Rock,,280,55,75,85,25,25,15,20,Boldore
525,Boldore,true,Rock,,390,70,105,105,50,40,20,32,Gigalith
526,Gigalith,true,Rock,,515,85,135,130,60,80,25,null,null
527,Woobat,false,Psychic,Flying,323,65,45,43,55,43,72,18,Swoobat
528,Swoobat,true,Psychic,Flying,425,67,57,55,77,55,114,null,null
529,Drilbur,false,Ground,,328,60,85,40,30,45,68,25,Excadrill
530,Excadrill,true,Ground,Steel,508,110,135,60,50,65,88,null,null
531,Audino,false,Normal,,445,103,60,86,60,86,50,null,null
532,Timburr,false,Fighting,,305,75,80,55,25,35,35,20,Gurdurr
533,Gurdurr,true,Fighting,,405,85,105,85,40,50,40,32,Conkeldurr
534,Conkeldurr,true,Fighting,,505,105,140,95,55,65,45,null,null
535,Tympole,false,Water,,294,50,50,40,50,40,64,25,Palpitoad
536,Palpitoad,true,Water,Ground,384,75,65,55,65,55,69,36,Seismitoad
537,Seismitoad,true,Water,Ground,509,105,95,75,85,75,74,null,null
538,Throh,false,Fighting,,465,120,100,85,30,85,45,null,null
539,Sawk,false,Fighting,,465,75,125,75,30,75,85,null,null
540,Sewaddle,false,Bug,Grass,310,45,53,70,40,60,42,20,Swadloon
541,Swadloon,true,Bug,Grass,380,55,63,90,50,80,42,18,Leavanny
542,Leavanny,true,Bug,Grass,500,75,103,80,70,80,92,null,null
543,Venipede,false,Bug,Poison,260,30,45,59,30,39,57,22,Whirlipede
544,Whirlipede,true,Bug,Poison,360,40,55,99,40,79,47,30,Scolipede
545,Scolipede,true,Bug,Poison,485,60,100,89,55,69,112,null,null
546,Cottonee,false,Grass,Fairy,280,40,27,60,37,50,66,30,Whimsicott
547,Whimsicott,true,Grass,Fairy,480,60,67,85,77,75,116,null,null
548,Petilil,false,Grass,,280,45,35,50,70,50,30,30,Lilligant
549,Lilligant,true,Grass,,480,70,60,75,110,75,90,null,null
549,Lilligant,true,Grass,Fighting,480,70,105,75,50,75,105,null,null
902,Basculegion,true,Water,Ghost,530,120,112,65,80,75,78,null,null
902,Basculegion,true,Water,Ghost,530,120,92,65,100,75,78,null,null
551,Sandile,false,Ground,Dark,292,50,72,35,35,35,65,23,Krokorok
552,Krokorok,true,Ground,Dark,351,60,82,45,45,45,74,32,Krookodile
553,Krookodile,true,Ground,Dark,519,95,117,80,65,70,92,null,null
554,Darumaka,false,Fire,,315,70,90,45,15,45,50,35,Darmanitan
555,Darmanitan,true,Fire,,480,105,140,55,30,55,95,null,null
554,Darumaka,false,Ice,,315,70,90,45,15,45,50,35,Darmanitan
555,Darmanitan,true,Fire,Psychic,540,105,30,105,140,105,55,null,null
555,Darmanitan,true,Ice,,480,105,140,55,30,55,95,null,null
555,Darmanitan,true,Ice,Fire,540,105,160,55,30,55,135,null,null
556,Maractus,false,Grass,,461,75,86,67,106,67,60,null,null
557,Dwebble,false,Bug,Rock,325,50,65,85,35,35,55,34,Crustle
558,Crustle,true,Bug,Rock,485,70,105,125,65,75,45,null,null
559,Scraggy,false,Dark,Fighting,348,50,75,70,35,70,48,39,Scrafty
560,Scrafty,true,Dark,Fighting,488,65,90,115,45,115,58,null,null
561,Sigilyph,false,Psychic,Flying,490,72,58,80,103,80,97,null,null
563,Cofagrigus,true,Ghost,,483,58,50,145,95,105,30,null,null
564,Tirtouga,false,Water,Rock,355,54,78,103,53,45,22,37,Carracosta
565,Carracosta,true,Water,Rock,495,74,108,133,83,65,32,null,null
566,Archen,false,Rock,Flying,401,55,112,45,74,45,70,37,Archeops
567,Archeops,true,Rock,Flying,567,75,140,65,112,65,110,null,null
568,Trubbish,false,Poison,,329,50,50,62,40,62,65,36,Garbodor
569,Garbodor,true,Poison,,474,80,95,82,60,82,75,null,null
570,Zorua,false,Dark,,330,40,65,40,80,40,65,24,Zoroark
571,Zoroark,true,Dark,,510,60,105,60,120,60,105,null,null
570,Zorua,false,Normal,Ghost,330,35,60,40,85,40,70,24,Zoroark
571,Zoroark,true,Normal,Ghost,510,60,105,60,120,60,105,null,null
572,Minccino,false,Normal,,300,55,50,40,40,40,75,30,Cinccino
573,Cinccino,true,Normal,,470,75,95,60,65,60,115,null,null
574,Gothita,false,Psychic,,290,45,30,50,55,65,45,32,Gothorita
575,Gothorita,true,Psychic,,390,60,45,70,75,85,55,41,Gothitelle
576,Gothitelle,true,Psychic,,490,70,55,95,95,110,65,null,null
577,Solosis,false,Psychic,,290,45,30,40,105,50,20,26,Duosion
578,Duosion,true,Psychic,,370,65,40,50,125,60,30,33,Reuniclus
579,Reuniclus,true,Psychic,,490,110,65,75,125,85,30,null,null
580,Ducklett,false,Water,Flying,305,62,44,50,44,50,55,35,Swanna
581,Swanna,true,Water,Flying,473,75,87,63,87,63,98,null,null
582,Vanillite,false,Ice,,305,36,50,50,65,60,44,35,Vanillish
583,Vanillish,true,Ice,,395,51,65,65,80,75,59,47,Vanilluxe
584,Vanilluxe,true,Ice,,535,71,95,85,110,95,79,null,null
585,Deerling,false,Normal,Grass,335,60,60,50,40,50,75,34,Sawsbuck
586,Sawsbuck,true,Normal,Grass,475,80,100,70,60,70,95,null,null
587,Emolga,false,Electric,Flying,428,55,75,60,75,60,103,null,null
588,Karrablast,false,Bug,,315,50,75,45,40,45,60,32,Escavalier
589,Escavalier,true,Bug,Steel,495,70,135,105,60,105,20,null,null
590,Foongus,false,Grass,Poison,294,69,55,45,55,55,15,39,Amoonguss
591,Amoonguss,true,Grass,Poison,464,114,85,70,85,80,30,null,null
592,Frillish,false,Water,Ghost,335,55,40,50,65,85,40,40,Jellicent
593,Jellicent,true,Water,Ghost,480,100,60,70,85,105,60,null,null
594,Alomomola,false,Water,,470,165,75,80,40,45,65,null,null
595,Joltik,false,Bug,Electric,319,50,47,50,57,50,65,29,Galvantula
596,Galvantula,true,Bug,Electric,472,70,77,60,97,60,108,null,null
597,Ferroseed,false,Grass,Steel,305,44,50,91,24,86,10,32,Ferrothorn
598,Ferrothorn,true,Grass,Steel,489,74,94,131,54,116,20,null,null
599,Klink,false,Steel,,300,40,55,70,45,60,30,38,Klang
600,Klang,true,Steel,,440,60,80,95,70,85,50,49,Klinklang
601,Klinklang,true,Steel,,520,60,100,115,70,85,90,null,null
602,Tynamo,false,Electric,,275,35,55,40,45,40,60,39,Eelektrik
603,Eelektrik,true,Electric,,405,65,85,70,75,70,40,30,Eelektross
604,Eelektross,true,Electric,,515,85,115,80,105,80,50,null,null
605,Elgyem,false,Psychic,,335,55,55,55,85,55,30,42,Beheeyem
606,Beheeyem,true,Psychic,,485,75,75,75,125,95,40,null,null
607,Litwick,false,Ghost,Fire,275,50,30,55,65,55,20,33,Lampent
608,Lampent,true,Ghost,Fire,370,60,40,60,95,60,55,44,Chandelure
609,Chandelure,true,Ghost,Fire,520,60,55,90,145,90,80,null,null
610,Axew,false,Dragon,,320,46,87,60,30,40,57,30,Fraxure
611,Fraxure,true,Dragon,,410,66,117,70,40,50,67,38,Haxorus
612,Haxorus,true,Dragon,,540,76,147,90,60,70,97,null,null
613,Cubchoo,false,Ice,,305,55,70,40,60,40,40,37,Beartic
614,Beartic,true,Ice,,505,95,130,80,70,80,50,null,null
615,Cryogonal,false,Ice,,515,80,50,50,95,135,105,null,null
616,Shelmet,false,Bug,,305,50,40,85,40,65,25,32,Accelgor
617,Accelgor,true,Bug,,495,80,70,40,100,60,145,null,null
618,Stunfisk,false,Ground,Electric,471,109,66,84,81,99,32,null,null
618,Stunfisk,false,Ground,Steel,471,109,81,99,66,84,32,null,null
619,Mienfoo,false,Fighting,,350,45,85,50,55,50,65,50,Mienshao
620,Mienshao,true,Fighting,,510,65,125,60,95,60,105,null,null
621,Druddigon,false,Dragon,,485,77,120,90,60,90,48,null,null
622,Golett,false,Ground,Ghost,303,59,74,50,35,50,35,43,Golurk
623,Golurk,true,Ground,Ghost,483,89,124,80,55,80,55,null,null
624,Pawniard,false,Dark,Steel,340,45,85,70,40,40,60,42,Bisharp
625,Bisharp,true,Dark,Steel,490,65,125,100,60,70,70,30,Kingambit
983,Kingambit,true,Dark,Steel,550,100,135,120,60,85,50,null,null
626,Bouffalant,false,Normal,,490,95,110,95,40,95,55,null,null
627,Rufflet,false,Normal,Flying,350,70,83,50,37,50,60,54,Braviary
628,Braviary,true,Normal,Flying,510,100,123,75,57,75,80,null,null
628,Braviary,true,Psychic,Flying,510,110,83,70,112,70,65,null,null
629,Vullaby,false,Dark,Flying,370,70,55,75,45,65,60,54,Mandibuzz
630,Mandibuzz,true,Dark,Flying,510,110,65,105,55,95,80,null,null
631,Heatmor,false,Fire,,484,85,97,66,105,66,65,null,null
632,Durant,false,Bug,Steel,484,58,109,112,48,48,109,null,null
633,Deino,false,Dark,Dragon,300,52,65,50,45,50,38,40,Zweilous
634,Zweilous,true,Dark,Dragon,420,72,85,70,65,70,58,51,Hydreigon
635,Hydreigon,true,Dark,Dragon,600,92,105,90,125,90,98,null,null
636,Larvesta,false,Bug,Fire,360,55,85,55,50,55,60,47,Volcarona
637,Volcarona,true,Bug,Fire,550,85,60,65,135,105,100,null,null
638,Cobalion,false,Steel,Fighting,580,91,90,129,90,72,108,null,null
639,Terrakion,false,Rock,Fighting,580,91,129,90,72,90,108,null,null
640,Virizion,false,Grass,Fighting,580,91,90,72,90,129,108,null,null
641,Tornadus,false,Flying,,580,79,115,70,125,80,111,null,null
641,Tornadus,false,Flying,,580,79,100,80,110,90,121,null,null
642,Thundurus,false,Electric,Flying,580,79,115,70,125,80,111,null,null
642,Thundurus,false,Electric,Flying,580,79,105,70,145,80,101,null,null
643,Reshiram,false,Dragon,Fire,680,100,120,100,150,120,90,null,null
644,Zekrom,false,Dragon,Electric,680,100,150,120,120,100,90,null,null
645,Landorus,false,Ground,Flying,600,89,125,90,115,80,101,null,null
645,Landorus,false,Ground,Flying,600,89,145,90,105,80,91,null,null
646,Kyurem,false,Dragon,Ice,660,125,130,90,130,90,95,null,null
646,Kyurem,false,Dragon,Ice,700,125,120,90,170,100,95,null,null
646,Kyurem,false,Dragon,Ice,700,125,170,100,120,90,95,null,null
647,Keldeo,false,Water,Fighting,580,91,72,90,129,90,108,null,null
647,Keldeo,false,Water,Fighting,580,91,72,90,129,90,108,null,null
648,Meloetta,false,Normal,Psychic,600,100,77,77,128,128,90,null,null
648,Meloetta,false,Normal,Fighting,600,100,128,90,77,77,128,null,null
649,Genesect,false,Bug,Steel,600,71,120,95,120,95,99,null,null
650,Chespin,false,Grass,,313,56,61,65,48,45,38,16,Quilladin
651,Quilladin,true,Grass,,405,61,78,95,56,58,57,36,Chesnaught
652,Chesnaught,true,Grass,Fighting,530,88,107,122,74,75,64,null,null
653,Fennekin,false,Fire,,307,40,45,40,62,60,60,16,Braixen
654,Braixen,true,Fire,,409,59,59,58,90,70,73,36,Delphox
655,Delphox,true,Fire,Psychic,534,75,69,72,114,100,104,null,null
656,Froakie,false,Water,,314,41,56,40,62,44,71,16,Frogadier
657,Frogadier,true,Water,,405,54,63,52,83,56,97,36,Greninja
658,Greninja,true,Water,Dark,530,72,95,67,103,71,122,null,null
658,Greninja,true,Water,Dark,640,72,145,67,153,71,132,null,null
659,Bunnelby,false,Normal,,237,38,36,38,32,36,57,20,Diggersby
660,Diggersby,true,Normal,Ground,423,85,56,77,50,77,78,null,null
661,Fletchling,false,Normal,Flying,278,45,50,43,40,38,62,16,Fletchinder
662,Fletchinder,true,Fire,Flying,382,62,73,55,56,52,84,36,Talonflame
663,Talonflame,true,Fire,Flying,499,78,81,71,74,69,126,null,null
664,Scatterbug,false,Bug,,200,38,35,40,27,25,35,9,Spewpa
665,Spewpa,true,Bug,,213,45,22,60,27,30,29,12,Vivillon
666,Vivillon,true,Bug,Flying,411,80,52,50,90,50,89,null,null
667,Litleo,false,Fire,Normal,369,62,50,58,73,54,72,20,Pyroar
668,Pyroar,true,Fire,Normal,507,86,68,72,109,66,106,null,null
669,Flabébé,false,Fairy,,303,44,38,39,61,79,42,18,Floette
670,Floette,true,Fairy,,371,54,45,47,75,98,52,30,Florges
671,Florges,true,Fairy,,552,78,65,68,112,154,75,null,null
672,Skiddo,false,Grass,,350,66,65,48,62,57,52,32,Gogoat
673,Gogoat,true,Grass,,531,123,100,62,97,81,68,null,null
674,Pancham,false,Fighting,,348,67,82,62,46,48,43,32,Pangoro
675,Pangoro,true,Fighting,Dark,495,95,124,78,69,71,58,null,null
676,Furfrou,false,Normal,,472,75,80,60,65,90,102,null,null
677,Espurr,false,Psychic,,355,62,48,54,63,60,68,25,Meowstic
678,Meowstic,true,Psychic,,466,74,48,76,83,81,104,null,null
678,Meowstic,true,Psychic,,466,74,48,76,83,81,104,null,null
679,Honedge,false,Steel,Ghost,325,45,80,100,35,37,28,35,Doublade
680,Doublade,true,Steel,Ghost,448,59,110,150,45,49,35,30,Aegislash
681,Aegislash,true,Steel,Ghost,500,60,50,140,50,140,60,null,null
681,Aegislash,true,Steel,Ghost,500,60,140,50,140,50,60,null,null
682,Spritzee,false,Fairy,,341,78,52,60,63,65,23,30,Aromatisse
683,Aromatisse,true,Fairy,,462,101,72,72,99,89,29,null,null
684,Swirlix,false,Fairy,,341,62,48,66,59,57,49,30,Slurpuff
685,Slurpuff,true,Fairy,,480,82,80,86,85,75,72,null,null
686,Inkay,false,Dark,Psychic,288,53,54,53,37,46,45,30,Malamar
687,Malamar,true,Dark,Psychic,482,86,92,88,68,75,73,null,null
688,Binacle,false,Rock,Water,306,42,52,67,39,56,50,39,Barbaracle
689,Barbaracle,true,Rock,Water,500,72,105,115,54,86,68,null,null
690,Skrelp,false,Poison,Water,320,50,60,60,60,60,30,48,Dragalge
691,Dragalge,true,Poison,Dragon,494,65,75,90,97,123,44,null,null
692,Clauncher,false,Water,,330,50,53,62,58,63,44,37,Clawitzer
693,Clawitzer,true,Water,,500,71,73,88,120,89,59,null,null
694,Helioptile,false,Electric,Normal,289,44,38,33,61,43,70,30,Heliolisk
695,Heliolisk,true,Electric,Normal,481,62,55,52,109,94,109,null,null
696,Tyrunt,false,Rock,Dragon,362,58,89,77,45,45,48,39,Tyrantrum
697,Tyrantrum,true,Rock,Dragon,521,82,121,119,69,59,71,null,null
698,Amaura,false,Rock,Ice,362,77,59,50,67,63,46,39,Aurorus
699,Aurorus,true,Rock,Ice,521,123,77,72,99,92,58,null,null
700,Sylveon,true,Fairy,,525,95,65,65,110,130,60,null,null
701,Hawlucha,false,Fighting,Flying,500,78,92,75,74,63,118,null,null
702,Dedenne,false,Electric,Fairy,431,67,58,57,81,67,101,null,null
703,Carbink,false,Rock,Fairy,500,50,50,150,50,150,50,null,null
704,Goomy,false,Dragon,,300,45,50,35,55,75,40,40,Sliggoo
705,Sliggoo,true,Dragon,,452,68,75,53,83,113,60,50,Goodra
706,Goodra,true,Dragon,,600,90,100,70,110,150,80,null,null
705,Sliggoo,true,Steel,Dragon,452,58,75,83,83,113,40,50,Goodra
706,Goodra,true,Steel,Dragon,600,80,100,100,110,150,60,null,null
707,Klefki,false,Steel,Fairy,470,57,80,91,80,87,75,null,null
708,Phantump,false,Ghost,Grass,309,43,70,48,50,60,38,32,Trevenant
709,Trevenant,true,Ghost,Grass,474,85,110,76,65,82,56,null,null
710,Pumpkaboo,false,Ghost,Grass,335,49,66,70,44,55,51,32,Gourgeist
711,Gourgeist,true,Ghost,Grass,494,65,90,122,58,75,84,null,null
710,Pumpkaboo,false,Ghost,Grass,335,44,66,70,44,55,56,32,Gourgeist
711,Gourgeist,true,Ghost,Grass,494,55,85,122,58,75,99,null,null
710,Pumpkaboo,false,Ghost,Grass,335,54,66,70,44,55,46,32,Gourgeist
711,Gourgeist,true,Ghost,Grass,494,75,95,122,58,75,69,null,null
710,Pumpkaboo,false,Ghost,Grass,335,59,66,70,44,55,41,32,Gourgeist
711,Gourgeist,true,Ghost,Grass,494,85,100,122,58,75,54,null,null
712,Bergmite,false,Ice,,304,55,69,85,32,35,28,37,Avalugg
713,Avalugg,true,Ice,,514,95,117,184,44,46,28,null,null
713,Avalugg,true,Ice,Rock,514,95,127,184,34,36,38,null,null
714,Noibat,false,Flying,Dragon,245,40,30,35,45,40,55,48,Noivern
715,Noivern,true,Flying,Dragon,535,85,70,80,97,80,123,null,null
716,Xerneas,false,Fairy,,680,126,131,95,131,98,99,null,null
717,Yveltal,false,Dark,Flying,680,126,131,95,131,98,99,null,null
718,Zygarde,false,Dragon,Ground,600,108,100,121,81,95,95,null,null
718,Zygarde,false,Dragon,Ground,486,54,100,71,61,85,115,null,null
718,Zygarde,false,Dragon,Ground,708,216,100,121,91,95,85,null,null
719,Diancie,false,Rock,Fairy,600,50,100,150,100,150,50,null,null
720,Hoopa,false,Psychic,Ghost,600,80,110,60,150,130,70,null,null
720,Hoopa,false,Psychic,Dark,680,80,160,60,170,130,80,null,null
721,Volcanion,false,Fire,Water,600,80,110,120,130,90,70,null,null
722,Rowlet,false,Grass,Flying,320,68,55,55,50,50,42,17,Dartrix
723,Dartrix,true,Grass,Flying,420,78,75,75,70,70,52,34,Decidueye
724,Decidueye,true,Grass,Ghost,530,78,107,75,100,100,70,null,null
724,Decidueye,true,Grass,Fighting,530,88,112,80,95,95,60,null,null
725,Litten,false,Fire,,320,45,65,40,60,40,70,17,Torracat
726,Torracat,true,Fire,,420,65,85,50,80,50,90,34,Incineroar
727,Incineroar,true,Fire,Dark,530,95,115,90,80,90,60,null,null
728,Popplio,false,Water,,320,50,54,54,66,56,40,17,Brionne
729,Brionne,true,Water,,420,60,69,69,91,81,50,34,Primarina
730,Primarina,true,Water,Fairy,530,80,74,74,126,116,60,null,null
731,Pikipek,false,Normal,Flying,265,35,75,30,30,30,65,14,Trumbeak
732,Trumbeak,true,Normal,Flying,355,55,85,50,40,50,75,28,Toucannon
733,Toucannon,true,Normal,Flying,485,80,120,75,75,75,60,null,null
734,Yungoos,false,Normal,,253,48,70,30,30,30,45,20,Gumshoos
735,Gumshoos,true,Normal,,418,88,110,60,55,60,45,null,null
736,Grubbin,false,Bug,,300,47,62,45,55,45,46,20,Charjabug
737,Charjabug,true,Bug,Electric,400,57,82,95,55,75,36,35,Vikavolt
738,Vikavolt,true,Bug,Electric,500,77,70,90,145,75,43,null,null
739,Crabrawler,false,Fighting,,338,47,82,57,42,47,63,28,Crabominable
740,Crabominable,true,Fighting,Ice,478,97,132,77,62,67,43,null,null
741,Oricorio,false,Fire,Flying,476,75,70,70,98,70,93,null,null
741,Oricorio,false,Electric,Flying,476,75,70,70,98,70,93,null,null
741,Oricorio,false,Psychic,Flying,476,75,70,70,98,70,93,null,null
741,Oricorio,false,Ghost,Flying,476,75,70,70,98,70,93,null,null
742,Cutiefly,false,Bug,Fairy,304,40,45,40,55,40,84,25,Ribombee
743,Ribombee,true,Bug,Fairy,464,60,55,60,95,70,124,null,null
744,Rockruff,false,Rock,,280,45,65,40,30,40,60,25,Lycanroc
745,Lycanroc,true,Rock,,487,75,115,65,55,65,112,null,null
744,Rockruff,false,Rock,,280,45,65,40,30,40,60,25,Lycanroc
745,Lycanroc,true,Rock,,487,85,115,75,55,75,82,null,null
745,Lycanroc,true,Rock,,487,75,117,65,55,65,110,null,null
746,Wishiwashi,false,Water,,175,45,20,20,25,25,40,null,null
746,Wishiwashi,false,Water,,620,45,140,130,140,135,30,null,null
747,Mareanie,false,Poison,Water,305,50,53,62,43,52,45,38,Toxapex
748,Toxapex,true,Poison,Water,495,50,63,152,53,142,35,null,null
749,Mudbray,false,Ground,,385,70,100,70,45,55,45,30,Mudsdale
750,Mudsdale,true,Ground,,500,100,125,100,55,85,35,null,null
751,Dewpider,false,Water,Bug,269,38,40,52,40,72,27,22,Araquanid
752,Araquanid,true,Water,Bug,454,68,70,92,50,132,42,null,null
753,Fomantis,false,Grass,,250,40,55,35,50,35,35,34,Lurantis
754,Lurantis,true,Grass,,480,70,105,90,80,90,45,null,null
755,Morelull,false,Grass,Fairy,285,40,35,55,65,75,15,24,Shiinotic
756,Shiinotic,true,Grass,Fairy,405,60,45,80,90,100,30,null,null
757,Salandit,false,Poison,Fire,320,48,44,40,71,40,77,33,Salazzle
758,Salazzle,true,Poison,Fire,480,68,64,60,111,60,117,null,null
759,Stufful,false,Normal,Fighting,340,70,75,50,45,50,50,27,Bewear
760,Bewear,true,Normal,Fighting,500,120,125,80,55,60,60,null,null
761,Bounsweet,false,Grass,,210,42,30,38,30,38,32,18,Steenee
762,Steenee,true,Grass,,290,52,40,48,40,48,62,32,Tsareena
763,Tsareena,true,Grass,,510,72,120,98,50,98,72,null,null
764,Comfey,false,Fairy,,485,51,52,90,82,110,100,null,null
765,Oranguru,false,Normal,Psychic,490,90,60,80,90,110,60,null,null
766,Passimian,false,Fighting,,490,100,120,90,40,60,80,null,null
767,Wimpod,false,Bug,Water,230,25,35,40,20,30,80,30,Golisopod
768,Golisopod,true,Bug,Water,530,75,125,140,60,90,40,null,null
769,Sandygast,false,Ghost,Ground,320,55,55,80,70,45,15,42,Palossand
770,Palossand,true,Ghost,Ground,480,85,75,110,100,75,35,null,null
771,Pyukumuku,false,Water,,410,55,60,130,30,130,5,null,null
772,Type: Null,false,Normal,,534,95,95,95,95,95,59,18,Silvally
773,Silvally,true,Normal,,570,95,95,95,95,95,95,null,null
774,Minior,false,Rock,Flying,440,60,60,100,60,100,60,null,null
774,Minior,false,Rock,Flying,500,60,100,60,100,60,120,null,null
775,Komala,false,Normal,,480,65,115,65,75,95,65,null,null
776,Turtonator,false,Fire,Dragon,485,60,78,135,91,85,36,null,null
777,Togedemaru,false,Electric,Steel,435,65,98,63,40,73,96,null,null
778,Mimikyu,false,Ghost,Fairy,476,55,90,80,50,105,96,null,null
779,Bruxish,false,Water,Psychic,475,68,105,70,70,70,92,null,null
780,Drampa,false,Normal,Dragon,485,78,60,85,135,91,36,null,null
781,Dhelmise,false,Ghost,Grass,517,70,131,100,86,90,40,null,null
782,Jangmo-o,false,Dragon,,300,45,55,65,45,45,45,35,Hakamo-o
783,Hakamo-o,true,Dragon,Fighting,420,55,75,90,65,70,65,45,Kommo-o
784,Kommo-o,true,Dragon,Fighting,600,75,110,125,100,105,85,null,null
785,Tapu Koko,false,Electric,Fairy,570,70,115,85,95,75,130,null,null
786,Tapu Lele,false,Psychic,Fairy,570,70,85,75,130,115,95,null,null
787,Tapu Bulu,false,Grass,Fairy,570,70,130,115,85,95,75,null,null
788,Tapu Fini,false,Water,Fairy,570,70,75,115,95,130,85,null,null
791,Solgaleo,true,Psychic,Steel,680,137,137,107,113,89,97,null,null
792,Lunala,true,Psychic,Ghost,680,137,113,89,137,107,97,null,null
793,Nihilego,false,Rock,Poison,570,109,53,47,127,131,103,null,null
794,Buzzwole,false,Bug,Fighting,570,107,139,139,53,53,79,null,null
795,Pheromosa,false,Bug,Fighting,570,71,137,37,137,37,151,null,null
796,Xurkitree,false,Electric,,570,83,89,71,173,71,83,null,null
797,Celesteela,false,Steel,Flying,570,97,101,103,107,101,61,null,null
798,Kartana,false,Grass,Steel,570,59,181,131,59,31,109,null,null
799,Guzzlord,false,Dark,Dragon,570,223,101,53,97,53,43,null,null
800,Necrozma,false,Psychic,,600,97,107,101,127,89,79,null,null
800,Necrozma,false,Psychic,Steel,680,97,157,127,113,109,77,null,null
800,Necrozma,false,Psychic,Ghost,680,97,113,109,157,127,77,null,null
800,Necrozma,false,Psychic,Dragon,754,97,167,97,167,97,129,null,null
801,Magearna,false,Steel,Fairy,600,80,95,115,130,115,65,null,null
802,Marshadow,false,Fighting,Ghost,600,90,125,80,90,90,125,null,null
803,Poipole,false,Poison,,420,67,73,67,73,67,73,24,Naganadel
804,Naganadel,true,Poison,Dragon,540,73,73,73,127,73,121,null,null
805,Stakataka,false,Rock,Steel,570,61,131,211,53,101,13,null,null
806,Blacephalon,false,Fire,Ghost,570,53,127,53,151,79,107,null,null
807,Zeraora,false,Electric,,600,88,112,75,102,80,143,null,null
808,Meltan,false,Steel,,300,46,65,65,55,35,34,null,null
809,Melmetal,true,Steel,,600,135,143,143,80,65,34,null,null
810,Grookey,false,Grass,,310,50,65,50,40,40,65,16,Thwackey
811,Thwackey,true,Grass,,420,70,85,70,55,60,80,35,Rillaboom
812,Rillaboom,true,Grass,,530,100,125,90,60,70,85,null,null
813,Scorbunny,false,Fire,,310,50,71,40,40,40,69,16,Raboot
814,Raboot,true,Fire,,420,65,86,60,55,60,94,35,Cinderace
815,Cinderace,true,Fire,,530,80,116,75,65,75,119,null,null
816,Sobble,false,Water,,310,50,40,40,70,40,70,16,Drizzile
817,Drizzile,true,Water,,420,65,60,55,95,55,90,35,Inteleon
818,Inteleon,true,Water,,530,70,85,65,125,65,120,null,null
819,Skwovet,false,Normal,,275,70,55,55,35,35,25,24,Greedent
820,Greedent,true,Normal,,460,120,95,95,55,75,20,null,null
821,Rookidee,false,Flying,,245,38,47,35,33,35,57,18,Corvisquire
822,Corvisquire,true,Flying,,365,68,67,55,43,55,77,38,Corviknight
823,Corviknight,true,Flying,Steel,495,98,87,105,53,85,67,null,null
824,Blipbug,false,Bug,,180,25,20,20,25,45,45,10,Dottler
825,Dottler,true,Bug,Psychic,335,50,35,80,50,90,30,30,Orbeetle
826,Orbeetle,true,Bug,Psychic,505,60,45,110,80,120,90,null,null
827,Nickit,false,Dark,,245,40,28,28,47,52,50,18,Thievul
828,Thievul,true,Dark,,455,70,58,58,87,92,90,null,null
829,Gossifleur,false,Grass,,250,40,40,60,40,60,10,20,Eldegoss
830,Eldegoss,true,Grass,,460,60,50,90,80,120,60,null,null
831,Wooloo,false,Normal,,270,42,40,55,40,45,48,24,Dubwool
832,Dubwool,true,Normal,,490,72,80,100,60,90,88,null,null
833,Chewtle,false,Water,,284,50,64,50,38,38,44,22,Drednaw
834,Drednaw,true,Water,Rock,485,90,115,90,48,68,74,null,null
835,Yamper,false,Electric,,270,59,45,50,40,50,26,25,Boltund
836,Boltund,true,Electric,,490,69,90,60,90,60,121,null,null
837,Rolycoly,false,Rock,,240,30,40,50,40,50,30,18,Carkol
838,Carkol,true,Rock,Fire,410,80,60,90,60,70,50,34,Coalossal
839,Coalossal,true,Rock,Fire,510,110,80,120,80,90,30,null,null
841,Flapple,true,Grass,Dragon,485,70,110,80,95,60,70,null,null
842,Appletun,true,Grass,Dragon,485,110,85,80,100,80,30,null,null
843,Silicobra,false,Ground,,315,52,57,75,35,50,46,36,Sandaconda
844,Sandaconda,true,Ground,,510,72,107,125,65,70,71,null,null
845,Cramorant,false,Flying,Water,475,70,85,55,85,95,85,null,null
846,Arrokuda,false,Water,,280,41,63,40,40,30,66,26,Barraskewda
847,Barraskewda,true,Water,,490,61,123,60,60,50,136,null,null
848,Toxel,false,Electric,Poison,242,40,38,35,54,35,40,30,Toxtricity
849,Toxtricity,true,Electric,Poison,502,75,98,70,114,70,75,null,null
849,Toxtricity,true,Electric,Poison,502,75,98,70,114,70,75,null,null
850,Sizzlipede,false,Fire,Bug,305,50,65,45,50,50,45,28,Centiskorch
851,Centiskorch,true,Fire,Bug,525,100,115,65,90,90,65,null,null
852,Clobbopus,false,Fighting,,310,50,68,60,50,50,32,24,Grapploct
853,Grapploct,true,Fighting,,480,80,118,90,70,80,42,null,null
854,Sinistea,false,Ghost,,308,40,45,45,74,54,50,30,Polteageist
855,Polteageist,true,Ghost,,508,60,65,65,134,114,70,null,null
856,Hatenna,false,Psychic,,265,42,30,45,56,53,39,32,Hattrem
857,Hattrem,true,Psychic,,370,57,40,65,86,73,49,42,Hatterene
858,Hatterene,true,Psychic,Fairy,510,57,90,95,136,103,29,null,null
859,Impidimp,false,Dark,Fairy,265,45,45,30,55,40,50,32,Morgrem
860,Morgrem,true,Dark,Fairy,370,65,60,45,75,55,70,42,Grimmsnarl
861,Grimmsnarl,true,Dark,Fairy,510,95,120,65,95,75,60,null,null
863,Perrserker,true,Steel,,440,70,110,100,50,60,50,null,null
865,Sirfetch'd,true,Fighting,,507,62,135,95,68,82,65,null,null
867,Runerigus,true,Ground,Ghost,483,58,95,145,50,105,30,null,null
868,Milcery,false,Fairy,,270,45,40,40,50,61,34,30,Alcremie
869,Alcremie,true,Fairy,,495,65,60,75,110,121,64,null,null
870,Falinks,false,Fighting,,470,65,100,100,70,60,75,null,null
871,Pincurchin,false,Electric,,435,48,101,95,91,85,15,null,null
872,Snom,false,Ice,Bug,185,30,25,35,45,30,20,18,Frosmoth
873,Frosmoth,true,Ice,Bug,475,70,65,60,125,90,65,null,null
874,Stonjourner,false,Rock,,470,100,125,135,20,20,70,null,null
875,Eiscue,false,Ice,,470,75,80,110,65,90,50,null,null
875,Eiscue,false,Ice,,470,75,80,70,65,50,130,null,null
876,Indeedee,false,Psychic,Normal,475,60,65,55,105,95,95,null,null
876,Indeedee,false,Psychic,Normal,475,70,55,65,95,105,85,null,null
877,Morpeko,false,Electric,Dark,436,58,95,58,70,58,97,null,null
877,Morpeko,false,Electric,Dark,436,58,95,58,70,58,97,null,null
878,Cufant,false,Steel,,330,72,80,49,40,49,40,34,Copperajah
879,Copperajah,true,Steel,,500,122,130,69,80,69,30,null,null
880,Dracozolt,false,Electric,Dragon,505,90,100,90,80,70,75,null,null
881,Arctozolt,false,Electric,Ice,505,90,100,90,90,80,55,null,null
882,Dracovish,false,Water,Dragon,505,90,90,100,70,80,75,null,null
883,Arctovish,false,Water,Ice,505,90,90,100,80,90,55,null,null
884,Duraludon,false,Steel,Dragon,535,70,95,115,120,50,85,null,null
885,Dreepy,false,Dragon,Ghost,270,28,60,30,40,30,82,50,Drakloak
886,Drakloak,true,Dragon,Ghost,410,68,80,50,60,50,102,60,Dragapult
887,Dragapult,true,Dragon,Ghost,600,88,120,75,100,75,142,null,null
888,Zacian,false,Fairy,,660,92,120,115,80,115,138,null,null
888,Zacian,false,Fairy,Steel,700,92,150,115,80,115,148,null,null
889,Zamazenta,false,Fighting,,660,92,120,115,80,115,138,null,null
889,Zamazenta,false,Fighting,Steel,700,92,120,140,80,140,128,null,null
890,Eternatus,false,Poison,Dragon,690,140,85,95,145,95,130,null,null
890,Eternatus,false,Poison,Dragon,1125,255,115,250,125,250,130,null,null
891,Kubfu,false,Fighting,,385,60,90,60,53,50,72,30,Urshifu
892,Urshifu,true,Fighting,Dark,550,100,130,100,63,60,97,null,null
892,Urshifu,true,Fighting,Water,550,100,130,100,63,60,97,null,null
893,Zarude,false,Dark,Grass,600,105,120,105,70,95,105,null,null
894,Regieleki,false,Electric,,580,80,100,50,100,50,200,null,null
895,Regidrago,false,Dragon,,580,200,100,50,100,50,80,null,null
896,Glastrier,false,Ice,,580,100,145,130,65,110,30,null,null
897,Spectrier,false,Ghost,,580,100,65,60,145,80,130,null,null
898,Calyrex,false,Psychic,Grass,500,100,80,80,80,80,80,null,null
898,Calyrex,false,Psychic,Ice,680,100,165,150,85,130,50,null,null
898,Calyrex,false,Psychic,Ghost,680,100,85,80,165,100,150,null,null
900,Kleavor,true,Bug,Rock,500,70,130,95,45,75,85,null,null
903,Sneasler,true,Poison,Fighting,510,80,130,60,40,80,120,null,null
905,Enamorus,false,Fairy,Flying,580,74,115,70,135,80,106,null,null
905,Enamorus,false,Fairy,Flying,580,74,115,110,135,100,46,null,null
906,Sprigatito,false,Grass,,310,40,61,54,45,45,65,16,Floragato
907,Floragato,true,Grass,,410,61,80,63,60,63,83,36,Meowscarada
908,Meowscarada,true,Grass,Dark,530,76,110,70,81,70,123,null,null
909,Fuecoco,false,Fire,,310,67,45,59,63,40,36,16,Crocalor
910,Crocalor,true,Fire,,411,81,55,78,90,58,49,36,Skeledirge
911,Skeledirge,true,Fire,Ghost,530,104,75,100,110,75,66,null,null
912,Quaxly,false,Water,,310,55,65,45,50,45,50,16,Quaxwell
913,Quaxwell,true,Water,,410,70,85,65,65,60,65,36,Quaquaval
914,Quaquaval,true,Water,Fighting,530,85,120,80,85,75,85,null,null
915,Lechonk,false,Normal,,254,54,45,40,35,45,35,18,Oinkologne
916,Oinkologne,true,Normal,,489,110,100,75,59,80,65,null,null
916,Oinkologne,true,Normal,,489,115,90,70,59,90,65,null,null
917,Tarountula,false,Bug,,210,35,41,45,29,40,20,15,Spidops
918,Spidops,true,Bug,,404,60,79,92,52,86,35,null,null
919,Nymble,false,Bug,,210,33,46,40,21,25,45,24,Lokix
920,Lokix,true,Bug,Dark,450,71,102,78,52,55,92,null,null
921,Pawmi,false,Electric,,240,45,50,20,40,25,60,18,Pawmo
922,Pawmo,true,Electric,Fighting,350,60,75,40,50,40,85,30,Pawmot
923,Pawmot,true,Electric,Fighting,490,70,115,70,70,60,105,null,null
924,Tandemaus,false,Normal,,305,50,50,45,40,45,75,25,Maushold
925,Maushold,true,Normal,,470,74,75,70,65,75,111,null,null
925,Maushold,true,Normal,,470,74,75,70,65,75,111,null,null
926,Fidough,false,Fairy,,312,37,55,70,30,55,65,26,Dachsbun
927,Dachsbun,true,Fairy,,477,57,80,115,50,80,95,null,null
928,Smoliv,false,Grass,Normal,260,41,35,45,58,51,30,25,Dolliv
929,Dolliv,true,Grass,Normal,354,52,53,60,78,78,33,35,Arboliva
930,Arboliva,true,Grass,Normal,510,78,69,90,125,109,39,null,null
931,Squawkabilly,false,Normal,Flying,417,82,96,51,45,51,92,null,null
931,Squawkabilly,false,Normal,Flying,417,82,96,51,45,51,92,null,null
931,Squawkabilly,false,Normal,Flying,417,82,96,51,45,51,92,null,null
931,Squawkabilly,false,Normal,Flying,417,82,96,51,45,51,92,null,null
932,Nacli,false,Rock,,280,55,55,75,35,35,25,24,Naclstack
933,Naclstack,true,Rock,,355,60,60,100,35,65,35,38,Garganacl
934,Garganacl,true,Rock,,500,100,100,130,45,90,35,null,null
936,Armarouge,true,Fire,Psychic,525,85,60,100,125,80,75,null,null
937,Ceruledge,true,Fire,Ghost,525,75,125,80,60,100,85,null,null
938,Tadbulb,false,Electric,,272,61,31,41,59,35,45,30,Bellibolt
939,Bellibolt,true,Electric,,495,109,64,91,103,83,45,null,null
940,Wattrel,false,Electric,Flying,280,40,40,35,55,40,70,25,Kilowattrel
941,Kilowattrel,true,Electric,Flying,490,70,70,60,105,60,125,null,null
942,Maschiff,false,Dark,,340,60,78,60,40,51,51,30,Mabosstiff
943,Mabosstiff,true,Dark,,505,80,120,90,60,70,85,null,null
944,Shroodle,false,Poison,Normal,290,40,65,35,40,35,75,28,Grafaiai
945,Grafaiai,true,Poison,Normal,485,63,95,65,80,72,110,null,null
946,Bramblin,false,Grass,Ghost,275,40,65,30,45,35,60,30,Brambleghast
947,Brambleghast,true,Grass,Ghost,480,55,115,70,80,70,90,null,null
948,Toedscool,false,Ground,Grass,335,40,40,35,50,100,70,30,Toedscruel
949,Toedscruel,true,Ground,Grass,515,80,70,65,80,120,100,null,null
950,Klawf,false,Rock,,450,70,100,115,35,55,75,null,null
951,Capsakid,false,Grass,,304,50,62,40,62,40,50,30,Scovillain
952,Scovillain,true,Grass,Fire,486,65,108,65,108,65,75,null,null
953,Rellor,false,Bug,,270,41,50,60,31,58,30,30,Rabsca
954,Rabsca,true,Bug,Psychic,470,75,50,85,115,100,45,null,null
955,Flittle,false,Psychic,,255,30,35,30,55,30,75,35,Espathra
956,Espathra,true,Psychic,,481,95,60,60,101,60,105,null,null
957,Tinkatink,false,Fairy,Steel,297,50,45,45,35,64,58,24,Tinkatuff
958,Tinkatuff,true,Fairy,Steel,380,65,55,55,45,82,78,38,Tinkaton
959,Tinkaton,true,Fairy,Steel,506,85,75,77,70,105,94,null,null
960,Wiglett,false,Water,,245,10,55,25,35,25,95,26,Wugtrio
961,Wugtrio,true,Water,,425,35,100,50,50,70,120,null,null
962,Bombirdier,false,Flying,Dark,485,70,103,85,60,85,82,null,null
963,Finizen,false,Water,,315,70,45,40,45,40,75,38,Palafin
964,Palafin,true,Water,,457,100,70,72,53,62,100,null,null
964,Palafin,true,Water,,650,100,160,97,106,87,100,null,null
965,Varoom,false,Steel,Poison,300,45,70,63,30,45,47,40,Revavroom
966,Revavroom,true,Steel,Poison,500,80,119,90,54,67,90,null,null
967,Cyclizar,false,Dragon,Normal,501,70,95,65,85,65,121,null,null
968,Orthworm,false,Steel,,480,70,85,145,60,55,65,null,null
969,Glimmet,false,Rock,Poison,350,48,35,42,105,60,60,35,Glimmora
970,Glimmora,true,Rock,Poison,525,83,55,90,130,81,86,null,null
971,Greavard,false,Ghost,,290,50,61,60,30,55,34,30,Houndstone
972,Houndstone,true,Ghost,,488,72,101,100,50,97,68,null,null
973,Flamigo,false,Flying,Fighting,500,82,115,74,75,64,90,null,null
974,Cetoddle,false,Ice,,334,108,68,45,30,40,43,30,Cetitan
975,Cetitan,true,Ice,,521,170,113,65,45,55,73,null,null
976,Veluza,false,Water,Psychic,478,90,102,73,78,65,70,null,null
977,Dondozo,false,Water,,530,150,100,115,65,65,35,null,null
978,Tatsugiri,false,Dragon,Water,475,68,50,60,120,95,82,null,null
980,Clodsire,true,Poison,Ground,430,130,75,60,45,100,20,null,null
984,Great Tusk,false,Ground,Fighting,570,115,131,131,53,53,87,null,null
985,Scream Tail,false,Fairy,Psychic,570,115,65,99,65,115,111,null,null
986,Brute Bonnet,false,Grass,Dark,570,111,127,99,79,99,55,null,null
987,Flutter Mane,false,Ghost,Fairy,570,55,55,55,135,135,135,null,null
988,Slither Wing,false,Bug,Fighting,570,85,135,79,85,105,81,null,null
989,Sandy Shocks,false,Electric,Ground,570,85,81,97,121,85,101,null,null
990,Iron Treads,false,Ground,Steel,570,90,112,120,72,70,106,null,null
991,Iron Bundle,false,Ice,Water,570,56,80,114,124,60,136,null,null
992,Iron Hands,false,Fighting,Electric,570,154,140,108,50,68,50,null,null
993,Iron Jugulis,false,Dark,Flying,570,94,80,86,122,80,108,null,null
994,Iron Moth,false,Fire,Poison,570,80,70,60,140,110,110,null,null
995,Iron Thorns,false,Rock,Electric,570,100,134,110,70,84,72,null,null
996,Frigibax,false,Dragon,Ice,320,65,75,45,35,45,55,35,Arctibax
997,Arctibax,true,Dragon,Ice,423,90,95,66,45,65,62,54,Baxcalibur
998,Baxcalibur,true,Dragon,Ice,600,115,145,92,75,86,87,null,null
1000,Gholdengo,true,Steel,Ghost,550,87,60,95,133,91,84,null,null
1001,Wo-Chien,false,Dark,Grass,570,85,85,100,95,135,70,null,null
1002,Chien-Pao,false,Dark,Ice,570,80,120,80,90,65,135,null,null
1003,Ting-Lu,false,Dark,Ground,570,155,110,125,55,80,45,null,null
1004,Chi-Yu,false,Dark,Fire,570,55,80,80,135,120,100,null,null
1005,Roaring Moon,false,Dragon,Dark,590,105,139,71,55,101,119,null,null
1006,Iron Valiant,false,Fairy,Fighting,590,74,130,90,120,60,116,null,null
1007,Koraidon,false,Fighting,Dragon,670,100,135,115,85,100,135,null,null
1008,Miraidon,false,Electric,Dragon,670,100,85,100,135,115,135,null,null